,title,date,category,venue,venue_url,address,access_url,area,closest_station,advance_price,door_price
2835,21st century ethnic music Spring Festival,2016-03-27,"Abstract,Festival,Psychedelic,World",Nakano Zero,http://www.nicesnet.jp/facility/zero/index.html,"Nakano-ku, Nakano 2-9-7",,Nakano,中野駅,Only day tickets,1000yen
8428,"8mm Records Festival In Japan: Luca Massolin (IT) & ASTRO, Los Doroncos, 魔術の庭, more",2012-10-04,Psychedelic,Earthdom,http://www1.odn.ne.jp/shinjuku-dom/index.html/dom.html,"Lisbon Bldg B1F, 3-32-3 Okubo, Shinjuku-ku",,Okubo,"Okubo, Shin-Okubo",,
8434,"8mm Records Festival In Japan: Luca Massolin (IT) & SACHIKO, 福岡林嗣 & 浦邊雅祥, 水晶の舟, more",2012-10-05,Psychedelic,Earthdom,http://www1.odn.ne.jp/shinjuku-dom/index.html/dom.html,"Lisbon Bldg B1F, 3-32-3 Okubo, Shinjuku-ku",,Okubo,"Okubo, Shin-Okubo",2300,2500
3841,ALL JAPAN THEREMIN FESTIVAL,2015-09-13,Mixed Genre,Rock Joint GB,http://info85594.wixsite.com/rjgb,Kichijoji Honcho 2-13-14 B-1,http://info85594.wixsite.com/rjgb/map,Kichijoji,Kichijoji,3500,4000
158,"Acid Mothers Guru Guru, Manitatsu, Japanese New Music Festival Petit",2017-03-07,"Psychedelic,Avant garde,Experimental",Goodman,http://www.clubgoodman.com,"A.S Building B1F, 55, Kanda-Sakumagashi, Chiyodaku",http://www.clubgoodman.com/access.html,Akihabara,Akihabara,"¥3,000 (+ order)","¥3,300 (+ order)"
2730,Asian Meeting Festival,2016-02-07,Experimental,Cay,http://www.spiral.co.jp,"Spiral building. B1, 5-6-23 Minami-Aoyama, Minato-",,Aoyama,Omotesando,3000,3500
2663,Asian Meeting Festival Talk Session 1 @ Japan Foundation Sakura Hall,2016-02-04,Other,,,,,,,,
2213,"BIG BEACH FESTIVAL '10 w/ The Chemical Brothers, Sasha, Groove Armada... @ Makuhari",2010-06-05,Festival,,,,,,,,
9632,"BIG BEACH FESTIVAL '12: The Chemical Brothers, more",2012-06-02,Festival,,,,,,,Hayawari pair 17000,
7888,"BIG BEACH FESTIVAL '13: FATBOY SLIM, BASEMENT JAXX, EROL ALKAN, MAYA JANE COLES, more",2013-06-01,Festival,,,,,,,,
4200,"BIG BEACH FESTIVAL with FATBOY SLIM, LUCIANO, SHINICHI OSAWA",2009-06-06,House,,,,,,,,
830,BLIP FESTIVAL TOKYO 2011,2011-10-22,Chiptune,High,http://www.koenji-high.com,4-30-1 Koenji-Minami,http://koenji-high.com/access/,Koenji,Koenji,3000yen,3000yen
842,BLIP FESTIVAL TOKYO 2011,2011-10-23,Chiptune,High,http://www.koenji-high.com,4-30-1 Koenji-Minami,http://koenji-high.com/access/,Koenji,Koenji,3000yen,3000yen
8558,BLIP FESTIVAL TOKYO 2012,2012-10-20,Chiptune,High,http://www.koenji-high.com,4-30-1 Koenji-Minami,http://koenji-high.com/access/,Koenji,Koenji,3000,
8413,BLIP FESTIVAL TOKYO 2012,2012-10-21,Chiptune,High,http://www.koenji-high.com,4-30-1 Koenji-Minami,http://koenji-high.com/access/,Koenji,Koenji,3000,
2264,BLUE NOTE JAZZ FESTIVAL,2016-09-17,"Festival,Jazz",Red Brick Warehouse,http://www.yokohama-akarenga.jp/,"1-1 Shinko, Naka-ku, Yokohama 231-0001",,Yokohama,"Bashamichi, Nihon-Oodori, Minatomirai, Sakuragicho, Kannai","Standing 10800, A 19000, S 26000",
3873,"BLUE NOTE JAZZ FESTIVAL: Pat Metheny, Jeff Beck, Robert Glasper Trio, Incognito, Snarky Puppy, more",2015-09-27,Jazz,,,,,,,"Standing 9800, A 15800, S 23000",
3427,Blue Note Jazz Festival in Japan 2017,2017-09-23,"Jazz,Festival",Red Brick Warehouse,http://www.yokohama-akarenga.jp/,"1-1 Shinko, Naka-ku, Yokohama 231-0001",,Yokohama,"Bashamichi, Nihon-Oodori, Minatomirai, Sakuragicho, Kannai","S 24000, A 16000, Standing 11000",
3440,Blue Note Jazz Festival in Japan 2017,2017-09-24,"Jazz,Festival",Red Brick Warehouse,http://www.yokohama-akarenga.jp/,"1-1 Shinko, Naka-ku, Yokohama 231-0001",,Yokohama,"Bashamichi, Nihon-Oodori, Minatomirai, Sakuragicho, Kannai","S 24000, A 16000, Standing 11000",
3103,CAMPS FESTIVAL in Gunma,2009-10-02,Festival,,,,,,,,
4366,"CHIP UNION FESTIVAL 2015: 黒魔, omodaka, Saitone, Sharaku Kobayashi, suesett, YMCK, more",2015-12-30,Chiptune,O-Nest,http://www.shibuya-o.com/nest,"ON AIR WEST bldg. 6F, 2-3 Maruyama-cho, Shibuya-ku",,Shibuya,Shibuya,3000,3500
1114,"CHIP UNION FESTIVAL: YMCK, Chip Tanaka, FAMILY CONTINUE, Robotprins, ajiponn, Chibi-Tech",2016-11-23,Chiptune,O-Nest,http://www.shibuya-o.com/nest,"ON AIR WEST bldg. 6F, 2-3 Maruyama-cho, Shibuya-ku",,Shibuya,Shibuya,3000 JPY + 1 drink order,3500 JPY + 1 drink order
7770,CIRCLE SOUNDS FESTIVAL,2013-04-29,Festival,O-Nest,http://www.shibuya-o.com/nest,"ON AIR WEST bldg. 6F, 2-3 Maruyama-cho, Shibuya-ku",,Shibuya,Shibuya,2500,
512,CONNECT KABUKICHO Music Festival 2017,2017-04-23,Festival,,,,,,,6000,7000
3238,CRAFTROCK FESTIVAL,2016-05-28,Festival,PIT,http://toyosu-pit.team-smile.org/,"Toyosu 6-1-23, Koto-ku, Tokyo",http://toyosu-pit.team-smile.org/access/index.html,Toyosu,"Shin-Toyosu, Toyosu",6800,
6022,CRAFTROCK FESTIVAL '14,2014-08-16,"Festival,  ",,,,,,,4800,5300
6111,"Chip Union Festival: YMCK, Hige Driver, SEXY-SYNTHESIZER, KUNIO, Storz, フラット3rd",2014-09-13,Chiptune,O-Nest,http://www.shibuya-o.com/nest,"ON AIR WEST bldg. 6F, 2-3 Maruyama-cho, Shibuya-ku",,Shibuya,Shibuya,2500,
1723,DEAD POP FESTIVAL,2016-07-09,Festival,,,,,,,"1 day 8500, 2 days 15800",
1736,DEAD POP FESTIVAL,2016-07-10,Festival,,,,,,," 1 day 8500, 2 days 15800",
9813,"DEEP MOAT FESTIVAL '12: bronbaba, Aureole, sgt., no.9 orchestra, ハイスイノナサ, number0...",2012-07-16,Festival,Womb,http://www.womb.co.jp,"Studio Arias, 2-16 Maruyama-cho, Shibuya",,Shibuya,Shibuya,"3,800yen (2drink別￥1,000)","4,300yen (2drink別￥1,000)"
3457,DORAVIDEO presents Festival GIGA NOISE,2016-05-15,"Noise,Festival",Goodman,http://www.clubgoodman.com,"A.S Building B1F, 55, Kanda-Sakumagashi, Chiyodaku",http://www.clubgoodman.com/access.html,Akihabara,Akihabara,2500,2800
360,ENBAN SUMMER FESTIVAL,2011-07-16,Experimental,O-Nest,http://www.shibuya-o.com/nest,"ON AIR WEST bldg. 6F, 2-3 Maruyama-cho, Shibuya-ku",,Shibuya,Shibuya,2000yen,2500yen
367,ENBAN SUMMER FESTIVAL,2011-07-17,Experimental,O-Nest,http://www.shibuya-o.com/nest,"ON AIR WEST bldg. 6F, 2-3 Maruyama-cho, Shibuya-ku",,Shibuya,Shibuya,2000yen,2500yen
4444,"ENDLESS SUMMER Beach Music Festival w/ Dachambo, Gocoo, Project Wa-Go, SUPERFUNKTION... @ Chigasaki",2009-08-22,Festival,,,,,,,,
10056,EXTREMITIES: JOLT JAPANESE AUSTRALIAN SONIC FESTIVAL: DAY 1,2012-09-21,Experimental,Super Deluxe,http://www.super-deluxe.com,"B1F 3-1-25 Nishi Azabu, Minato-ku",https://www.super-deluxe.com/map/,Roppongi,Roppongi,2500 yen,3000 yen
10063,EXTREMITIES: JOLT JAPANESE AUSTRALIAN SONIC FESTIVAL: DAY 2,2012-09-22,Experimental,Super Deluxe,http://www.super-deluxe.com,"B1F 3-1-25 Nishi Azabu, Minato-ku",https://www.super-deluxe.com/map/,Roppongi,Roppongi,2500 yen,3000 yen
10070,EXTREMITIES: JOLT JAPANESE AUSTRALIAN SONIC FESTIVAL: DAY 3,2012-09-23,Experimental,Super Deluxe,http://www.super-deluxe.com,"B1F 3-1-25 Nishi Azabu, Minato-ku",https://www.super-deluxe.com/map/,Roppongi,Roppongi,2500 yen,3000 yen
47,"FREAKS MUSIC FESTIVAL '11: DJ HARVEY, LOGIC SYSTEM, WASHED OUT, EYE, RADIO SLAVE...",2011-05-07,Festival,,,,,,,"￥6,300","￥7,500"
2765,"FTARRI DOUBTMUSIC FESTIVAL w/ $, DoraVideo, Kazuo Imai Trio, Koichi Makigami,more",2010-09-18,Other,Super Deluxe,http://www.super-deluxe.com,"B1F 3-1-25 Nishi Azabu, Minato-ku",https://www.super-deluxe.com/map/,Roppongi,Roppongi,4000,4500
2503,"FTARRI DOUBTMUSIC FESTIVAL w/ Junji Hirose, Chie Mukai+ Tetragrammaton, SEIJAKU, more",2010-09-20,Other,Super Deluxe,http://www.super-deluxe.com,"B1F 3-1-25 Nishi Azabu, Minato-ku",https://www.super-deluxe.com/map/,Roppongi,Roppongi,4000,4500
2772,"FTARRI DOUBTMUSIC FESTIVALw/ Active Recovering Music, Eddie Prevost + Sachiko M, more",2010-09-19,Other,Super Deluxe,http://www.super-deluxe.com,"B1F 3-1-25 Nishi Azabu, Minato-ku",https://www.super-deluxe.com/map/,Roppongi,Roppongi,4000,4500
4358,FTARRI FESTIVAL 2015 (Day 1),2015-11-21,Festival,Super Deluxe,http://www.super-deluxe.com,"B1F 3-1-25 Nishi Azabu, Minato-ku",https://www.super-deluxe.com/map/,Roppongi,Roppongi,"4,000yen +drink","4,500yen +drink"
4389,FTARRI FESTIVAL 2015 (Day 2),2015-11-22,Festival,Super Deluxe,http://www.super-deluxe.com,"B1F 3-1-25 Nishi Azabu, Minato-ku",https://www.super-deluxe.com/map/,Roppongi,Roppongi,"4,000yen + drink","4,500yen + drink"
2472,FUJI ROCK FESTIVAL,2010-07-30,Festival,Naeba Ski Resort,http://en.wikipedia.org/wiki/Naeba_Ski_Resort,"Mount Takenoko, Echigo Yuzawa, Niigata",,Naeba,Echigo Yuzawa,,
2474,FUJI ROCK FESTIVAL,2010-07-31,Festival,Naeba Ski Resort,http://en.wikipedia.org/wiki/Naeba_Ski_Resort,"Mount Takenoko, Echigo Yuzawa, Niigata",,Naeba,Echigo Yuzawa,,
2480,FUJI ROCK FESTIVAL,2010-08-01,Festival,Naeba Ski Resort,http://en.wikipedia.org/wiki/Naeba_Ski_Resort,"Mount Takenoko, Echigo Yuzawa, Niigata",,Naeba,Echigo Yuzawa,,
412,FUJI ROCK FESTIVAL,2011-07-29,Festival,Naeba Ski Resort,http://en.wikipedia.org/wiki/Naeba_Ski_Resort,"Mount Takenoko, Echigo Yuzawa, Niigata",,Naeba,Echigo Yuzawa,,
416,FUJI ROCK FESTIVAL,2011-07-30,Festival,Naeba Ski Resort,http://en.wikipedia.org/wiki/Naeba_Ski_Resort,"Mount Takenoko, Echigo Yuzawa, Niigata",,Naeba,Echigo Yuzawa,,
422,FUJI ROCK FESTIVAL,2011-07-31,Festival,Naeba Ski Resort,http://en.wikipedia.org/wiki/Naeba_Ski_Resort,"Mount Takenoko, Echigo Yuzawa, Niigata",,Naeba,Echigo Yuzawa,,
9765,FUJI ROCK FESTIVAL,2012-07-27,Festival,Naeba Ski Resort,http://en.wikipedia.org/wiki/Naeba_Ski_Resort,"Mount Takenoko, Echigo Yuzawa, Niigata",,Naeba,Echigo Yuzawa,,
9769,FUJI ROCK FESTIVAL,2012-07-28,Festival,Naeba Ski Resort,http://en.wikipedia.org/wiki/Naeba_Ski_Resort,"Mount Takenoko, Echigo Yuzawa, Niigata",,Naeba,Echigo Yuzawa,,
9778,FUJI ROCK FESTIVAL,2012-07-29,Festival,Naeba Ski Resort,http://en.wikipedia.org/wiki/Naeba_Ski_Resort,"Mount Takenoko, Echigo Yuzawa, Niigata",,Naeba,Echigo Yuzawa,,
8104,FUJI ROCK FESTIVAL,2013-07-26,Festival,Naeba Ski Resort,http://en.wikipedia.org/wiki/Naeba_Ski_Resort,"Mount Takenoko, Echigo Yuzawa, Niigata",,Naeba,Echigo Yuzawa,"1 day 17800, 3 days 42800",
8106,FUJI ROCK FESTIVAL,2013-07-27,Festival,Naeba Ski Resort,http://en.wikipedia.org/wiki/Naeba_Ski_Resort,"Mount Takenoko, Echigo Yuzawa, Niigata",,Naeba,Echigo Yuzawa,"1 day 17800, 3 days 42800",
8114,FUJI ROCK FESTIVAL,2013-07-28,Festival,Naeba Ski Resort,http://en.wikipedia.org/wiki/Naeba_Ski_Resort,"Mount Takenoko, Echigo Yuzawa, Niigata",,Naeba,Echigo Yuzawa,"1 day 17800, 3 days 42800",
5579,FUJI ROCK FESTIVAL,2014-07-25,Festival,Naeba Ski Resort,http://en.wikipedia.org/wiki/Naeba_Ski_Resort,"Mount Takenoko, Echigo Yuzawa, Niigata",,Naeba,Echigo Yuzawa,,
5585,FUJI ROCK FESTIVAL,2014-07-26,Festival,Naeba Ski Resort,http://en.wikipedia.org/wiki/Naeba_Ski_Resort,"Mount Takenoko, Echigo Yuzawa, Niigata",,Naeba,Echigo Yuzawa,,
5590,FUJI ROCK FESTIVAL,2014-07-27,Festival,Naeba Ski Resort,http://en.wikipedia.org/wiki/Naeba_Ski_Resort,"Mount Takenoko, Echigo Yuzawa, Niigata",,Naeba,Echigo Yuzawa,,
3524,FUJI ROCK FESTIVAL,2015-07-24,Festival,Naeba Ski Resort,http://en.wikipedia.org/wiki/Naeba_Ski_Resort,"Mount Takenoko, Echigo Yuzawa, Niigata",,Naeba,Echigo Yuzawa,,
3530,FUJI ROCK FESTIVAL,2015-07-25,Festival,Naeba Ski Resort,http://en.wikipedia.org/wiki/Naeba_Ski_Resort,"Mount Takenoko, Echigo Yuzawa, Niigata",,Naeba,Echigo Yuzawa,,
3538,FUJI ROCK FESTIVAL,2015-07-26,Festival,Naeba Ski Resort,http://en.wikipedia.org/wiki/Naeba_Ski_Resort,"Mount Takenoko, Echigo Yuzawa, Niigata",,Naeba,Echigo Yuzawa,,
1941,FUJI ROCK FESTIVAL,2016-07-22,Festival,Naeba Ski Resort,http://en.wikipedia.org/wiki/Naeba_Ski_Resort,"Mount Takenoko, Echigo Yuzawa, Niigata",,Naeba,Echigo Yuzawa,,
1951,FUJI ROCK FESTIVAL,2016-07-23,Festival,Naeba Ski Resort,http://en.wikipedia.org/wiki/Naeba_Ski_Resort,"Mount Takenoko, Echigo Yuzawa, Niigata",,Naeba,Echigo Yuzawa,,
1961,FUJI ROCK FESTIVAL,2016-07-24,Festival,Naeba Ski Resort,http://en.wikipedia.org/wiki/Naeba_Ski_Resort,"Mount Takenoko, Echigo Yuzawa, Niigata",,Naeba,Echigo Yuzawa,,
4625,FUJI ROCK FESTIVAL,2017-07-28,Festival,Naeba Ski Resort,http://en.wikipedia.org/wiki/Naeba_Ski_Resort,"Mount Takenoko, Echigo Yuzawa, Niigata",,Naeba,Echigo Yuzawa,"1 day 19000, 2 days 36000, 3 days 43000",
4634,FUJI ROCK FESTIVAL,2017-07-29,Festival,Naeba Ski Resort,http://en.wikipedia.org/wiki/Naeba_Ski_Resort,"Mount Takenoko, Echigo Yuzawa, Niigata",,Naeba,Echigo Yuzawa,"1 day 19000, 2 days 36000, 3 days 43000",
4649,FUJI ROCK FESTIVAL,2017-07-30,Festival,Naeba Ski Resort,http://en.wikipedia.org/wiki/Naeba_Ski_Resort,"Mount Takenoko, Echigo Yuzawa, Niigata",,Naeba,Echigo Yuzawa,"1 day 19000, 2 days 36000, 3 days 43000",
2231,FUJI ROCK FESTIVAL,2018-07-27,Festival,Naeba Ski Resort,http://en.wikipedia.org/wiki/Naeba_Ski_Resort,"Mount Takenoko, Echigo Yuzawa, Niigata",,Naeba,Echigo Yuzawa,,
1655,FUJI ROCK FESTIVAL,2018-07-28,Festival,Naeba Ski Resort,http://en.wikipedia.org/wiki/Naeba_Ski_Resort,"Mount Takenoko, Echigo Yuzawa, Niigata",,Naeba,Echigo Yuzawa,,
2267,FUJI ROCK FESTIVAL,2018-07-29,Festival,Naeba Ski Resort,http://en.wikipedia.org/wiki/Naeba_Ski_Resort,"Mount Takenoko, Echigo Yuzawa, Niigata",,Naeba,Echigo Yuzawa,,
4582,"FUJI ROCK FESTIVAL w/ Franz Ferdinand, Public Enemy, Bad Brains, Dinosaur Jr., more",2009-07-25,Festival,Naeba Ski Resort,http://en.wikipedia.org/wiki/Naeba_Ski_Resort,"Mount Takenoko, Echigo Yuzawa, Niigata",,Naeba,Echigo Yuzawa,,
4581,"FUJI ROCK FESTIVAL w/ Oasis, Patti Smith, Lily Allen, Tortoise, Peaches, more",2009-07-24,Festival,Naeba Ski Resort,http://en.wikipedia.org/wiki/Naeba_Ski_Resort,"Mount Takenoko, Echigo Yuzawa, Niigata",,Naeba,Echigo Yuzawa,,
4587,"FUJI ROCK FESTIVAL w/ Weezer, Röyksopp, Animal Collective, Basement Jaxx, more",2009-07-26,Festival,Naeba Ski Resort,http://en.wikipedia.org/wiki/Naeba_Ski_Resort,"Mount Takenoko, Echigo Yuzawa, Niigata",,Naeba,Echigo Yuzawa,,
2836,"FUJISAWA ROCK FESTIVAL w/ HOSE, ju sei, core of bells",2010-08-22,Other,CLAJA,http://www6.ocn.ne.jp/~claja/,Fujisawa Honmachi 3-8-21,,Fujisawa,Fujisawa-Honmachi,,1500yen +1food&1drink
357,GFB`11 (Tsukuba Rock Festival),2011-07-16,Festival,,,,,,,"1 day 3900, 2 days 6900",
363,GFB`11 (Tsukuba Rock Festival),2011-07-17,Festival,,,,,,,"1 day 3900, 2 days 6900",
27,GIGAModular Festival,2017-02-26,"Electronic,Experimental",Goodman,http://www.clubgoodman.com,"A.S Building B1F, 55, Kanda-Sakumagashi, Chiyodaku",http://www.clubgoodman.com/access.html,Akihabara,Akihabara,3000,3500
2110,GREEN ROOM FESTIVAL,2010-05-22,Festival,,,,,,,,
2117,GREEN ROOM FESTIVAL,2010-05-23,Festival,,,,,,,,
112,GREENROOM FESTIVAL,2011-05-21,Festival,,,,,,,,
159,GREENROOM FESTIVAL,2011-05-22,Festival,,,,,,,,
9527,GREENROOM FESTIVAL,2012-05-19,Festival,,,,,,,"1 day 7300, 2 days 13000",
9564,GREENROOM FESTIVAL,2012-05-20,Festival,,,,,,,"1 day 7300, 2 days 13000",
7910,GREENROOM FESTIVAL,2013-05-18,Festival,,,,,,,"1 day 9000, 2 days 16000",
7919,GREENROOM FESTIVAL,2013-05-19,Festival,,,,,,,"1 day 9000, 2 days 16000",
3482,GREENROOM FESTIVAL,2016-05-21,Festival,,,,,,,,
3497,GREENROOM FESTIVAL,2016-05-22,Festival,,,,,,,,
713,GREENROOM FESTIVAL,2017-05-20,Festival,Red Brick Warehouse,http://www.yokohama-akarenga.jp/,"1-1 Shinko, Naka-ku, Yokohama 231-0001",,Yokohama,"Bashamichi, Nihon-Oodori, Minatomirai, Sakuragicho, Kannai",,
753,GREENROOM FESTIVAL,2017-05-21,Festival,Red Brick Warehouse,http://www.yokohama-akarenga.jp/,"1-1 Shinko, Naka-ku, Yokohama 231-0001",,Yokohama,"Bashamichi, Nihon-Oodori, Minatomirai, Sakuragicho, Kannai",,
5675,GREENROOM FESTIVAL '14,2014-05-24,Festival,,,,,,,,
5684,GREENROOM FESTIVAL '14,2014-05-25,Festival,,,,,,,,
5410,GREENROOM FESTIVAL '15,2015-05-23,Festival,,,,,,,,
5440,GREENROOM FESTIVAL '15,2015-05-24,Festival,,,,,,,,
642,GURU GURU MAWARU FESTIVAL @ SAITAMA STADIUM 2002,2011-09-24,Festival,,,,,,,3000yen,4000yen
10027,GURUGURUMAWARU FESTIVAL,2012-09-16,Festival,,,,,,,3500yen,4500yen
10360,Gianni Gebbia- Sonoda Ikumi- Zen Master Eon Asahina + movie @ Zen trailer film festival Kitakamakura,2011-12-11,Avant garde,,,,,,,,
3290,Global Culture Exchange Festival,2009-10-31,Festival,,,,,,,,
2324,Guru Guru Mawaru Festival 2010 @ Saitama Stadium 2002,2010-06-26,Festival,,,,,,,"¥3,200","¥4,000"
7697,"HACIENDA OISO FESTIVAL: DIGITALISM, JOHN DIGWEED, 808STATE, JAMES ZABIELA, more",2013-04-27,Festival,,,,,,,"1 day 8900, 2 days 16000",11000
7729,"HACIENDA OISO FESTIVAL: HAPPY MONDAYS, PETER HOOK, SUGIURUMN, more",2013-04-28,Festival,,,,,,,"1 day 8900, 2 days 16000",11000
826,HERBESTA FESTIVAL '11,2011-10-21,Festival,,,,,,,,Free
828,HERBESTA FESTIVAL '11,2011-10-22,Festival,,,,,,,,Free
839,HERBESTA FESTIVAL '11,2011-10-23,Festival,,,,,,,,Free
7699,"ITALIAN PROGRESSIVE ROCK FESTIVAL: IL ROVESCIO DELLA MEDAGLIA, FORMULA 3",2013-04-27,Progressive,Club Citta,http://clubcitta.co.jp,"4-1 Ogawa-cho, Kawasaki, Kanagawa",,Kawasaki,Kawasaki,14800,
7561,"ITALIAN PROGRESSIVE ROCK FESTIVAL: MAURO PAGANI, AREA",2013-04-28,Progressive,Club Citta,http://clubcitta.co.jp,"4-1 Ogawa-cho, Kawasaki, Kanagawa",,Kawasaki,Kawasaki,14800,
7673,"ITALIAN PROGRESSIVE ROCK FESTIVAL: MAXOPHONE, MUSEO ROSENBACH",2013-04-26,Progressive,Club Citta,http://clubcitta.co.jp,"4-1 Ogawa-cho, Kawasaki, Kanagawa",,Kawasaki,Kawasaki,14800,
9404,JAPAN SHOEGAZER FESTIVAL,2012-04-21,Shoegaze,High,http://www.koenji-high.com,4-30-1 Koenji-Minami,http://koenji-high.com/access/,Koenji,Koenji,3000yen,3500yen
321,JAPAN SHOEGAZER FESTIVAL 2011,2011-07-09,Shoegaze,High,http://www.koenji-high.com,4-30-1 Koenji-Minami,http://koenji-high.com/access/,Koenji,Koenji,"Y2,000","Y2,500 (1 DRINK Y500)"
6722,JAPAN SHOEGAZER FESTIVAL 2013,2013-11-04,Festival,High,http://www.koenji-high.com,4-30-1 Koenji-Minami,http://koenji-high.com/access/,Koenji,Koenji,3500,4000
3594,"JAPAN SHOEGAZER FESTIVAL 2015: Lemons Chair, speaker gain teardrop, shelling, more",2015-07-05,Shoegaze,Club Seata,http://seata.jp,"Kichijoji Honcho 1-20-3, Musashino",,Kichijoji,Kichijoji,"3,500","4,000"
2957,JAPAN SHOEGAZER FESTIVAL 2016,2016-03-05,"Shoegaze,Festival",Club Seata,http://seata.jp,"Kichijoji Honcho 1-20-3, Musashino",,Kichijoji,Kichijoji,"3,500","4,000"
8983,"JAPAN SHOEGAZER FESTIVAL: Lemon's Chair, Tokyo Shoegazer, dario, shojoskip, more",2013-02-09,Shoegaze,Club Seata,http://seata.jp,"Kichijoji Honcho 1-20-3, Musashino",,Kichijoji,Kichijoji,3000,3500
3906,"JAPANESE NEW MUSIC FESTIVAL (M Kawabata, A Tsuyama, T Yoshida), falsettos",2015-09-02,Other,Bushbash,http://bushbash.org,"7-28-11 Minami-Koiwa, Edogawa-ku",,Koiwa,Koiwa,2500,3000
3182,"JMW - Alternative Rock Festival w/ Roth Bart Baron, musiquo musiqua, more",2009-11-09,Alternative,La Mama,http://www.lamama.net,"Primera Dogenzaka B1, 1-15-3 Dogenzaka, Shibuya-ku",,Shibuya,,,
3254,"JMW - Australia Festival w/ Kevin Windross, Natasha Bouchard, Amber, Simon Kelly...",2009-11-12,Festival,La Mama,http://www.lamama.net,"Primera Dogenzaka B1, 1-15-3 Dogenzaka, Shibuya-ku",,Shibuya,,,
3225,"JMW - Canada Festival w/ Laurier Tiernan, Raj Ramayya, The One Russtafari, more",2009-11-15,Mixed Genre,R Lounge,http://rlounge.jp,"6F/7F Tosen-Udagawa Bld, Udagawa-cho, Shibuya-ku",http://rlounge.jp/access.html,Shibuya,Shibuya,,
3261,"JMW - Electronica Festival w/ Rubinskee, Luis Ramirez, Man Made Noise, Daire O'Neill",2009-11-13,Electronic,R Lounge,http://rlounge.jp,"6F/7F Tosen-Udagawa Bld, Udagawa-cho, Shibuya-ku",http://rlounge.jp/access.html,Shibuya,Shibuya,,
3262,"JMW - Experimental Music Festival w/ luludeluxe, the annubhava orchestra, la bruha la negra, more",2009-11-13,Experimental,Gamuso,http://www.gamuso.com,"Takuei Building 2F, Asagaya-kita 2-12-5",,Asagaya,Asagaya,,
3259,"JMW - FACES (Techno Festival) w/ Shane Berry, Hiroshi Watanabe aka KAITO, more",2009-11-12,Techno,R Lounge,http://rlounge.jp,"6F/7F Tosen-Udagawa Bld, Udagawa-cho, Shibuya-ku",http://rlounge.jp/access.html,Shibuya,Shibuya,,
3231,"JMW - France Festival w/ Kaoru Arai, Jan Mei for, Sasha Saita, Alexis Donati, more",2009-11-15,Festival,CoZmo's Cafe,https://facebook.com/pages/COZMOS-CAFEBAR/158953197448801,"1-6-3 Shibuya, Shibuya-ku",,Shibuya,Shibuya,,
3218,"JMW - Guitar Pop Festival w/ Speaker hans, landgraff, beat rolls, THE TAPIRS",2009-11-11,Guitar Pop,La Mama,http://www.lamama.net,"Primera Dogenzaka B1, 1-15-3 Dogenzaka, Shibuya-ku",,Shibuya,,,
3264,"JMW - International Artist Festival w/ Abikyokan, Laurier Tiernan, 19 Mirrors",2009-11-13,Rock,Under Deer Lounge,http://www.under-dl.jp,"Jinnan Bldg B1, 1-3-4 Jinnan, Shibuya-ku",http://www.under-dl.jp/map.html,Shibuya,"Shibuya, Harajuku, Meijijingumae",,
3263,"JMW - Jazz Festival w/ Tsuyoshi Niwa Band, Matt Geraghty Band... @ Tokyo main Dining",2009-11-13,Jazz,,,,,,,,
3212,"JMW - New Zealand Festival w/ Nesian Mystik, Jackie Bristow, Nga Hau E Wha, Sunset Drive, Kat, more",2009-11-10,Mixed Genre,R Lounge,http://rlounge.jp,"6F/7F Tosen-Udagawa Bld, Udagawa-cho, Shibuya-ku",http://rlounge.jp/access.html,Shibuya,Shibuya,,
3214,"JMW - Punk Festival w/ MY PROOF, Laurier Tiernan, Papersky, Skunk Works, ALF",2009-11-10,Punk,La Mama,http://www.lamama.net,"Primera Dogenzaka B1, 1-15-3 Dogenzaka, Shibuya-ku",,Shibuya,,,
3220,JMW - Russia Festival w/ DJ Tolenin @ Bar & Lounge Samurai,2009-11-14,Party,,,,,,,,
3267,"JMW - Shake Forward! (Mixed Roots Hiphop festival) w/ Mina (From Ainu rebels), Alice (Guam), more",2009-11-13,Hip-Hop,O-East,http://www.shibuya-o.com,"2F 2-14-9 Dogenzaka, Shibuya-ku",,Shibuya,Shibuya,,
3213,"JMW - Singer-Songwriter Festival #1 w/ Natasha Bouchard, Emiko Carlin, Amber, Simon Kelly, more",2009-11-10,Acoustic,Pink Cow,http://www.thepinkcow.com,Minato-ku Akasaka 2-7-5 Bright Bldg. B1,,Akasaka,"Akasaka-mitsuke, Akasaka, Tameike-sanno",,
4968,"Japanese New Music Festival: ACID MOTHERS TEMPLE SWR, Makoto Kawabata, Akaten, RUINS alone, more ",2017-09-08,"Progressive,Improvised,Avant garde,Psychedelic",Goodman,http://www.clubgoodman.com,"A.S Building B1F, 55, Kanda-Sakumagashi, Chiyodaku",http://www.clubgoodman.com/access.html,Akihabara,Akihabara,"¥3,000 (+ order)","¥3,300 ( + order)"
1993,KAIKOO POPWAVE FESTIVAL,2010-04-10,Festival,,,,,,,,
1714,KAIKOO POPWAVE FESTIVAL,2010-04-11,Festival,,,,,,,,
10256,KAIKOO POPWAVE FESTIVAL,2011-11-19,Festival,,,,,,,5000yen,6000yen
9405,KAIKOO POPWAVE FESTIVAL 2012,2012-04-21,Festival,,,,,,,"1 day 6500yen, 2 days 12000yen","1 day 7500yen, 2 days 14000yen"
9442,KAIKOO POPWAVE FESTIVAL 2012,2012-04-22,Festival,,,,,,,"1 day 6500yen, 2 days 12000yen","1 day 7500yen, 2 days 14000yen"
954,"KITSUNE FRIDAYS MEAT FESTIVAL: DJs KENTARO TAKIZAWA, GRVYRDS, more",2018-08-31,"DJ,House",Kitsune,http://www.kitsune-web.jp,"Chatelet Shibuya B1F, 2-20-13 Higashi, Shibuya-ku",,Shibuya,Shibuya or Ebisu,,
4428,"KITSUNE FRIDAYS MEAT FESTIVAL: DJs MASATO, DSKE, more",2017-06-30,"Hip-Hop,House,DJ",Kitsune,http://www.kitsune-web.jp,"Chatelet Shibuya B1F, 2-20-13 Higashi, Shibuya-ku",,Shibuya,Shibuya or Ebisu,¥1500 (see page for details),¥2000
9672,"KIWA KIWA Festival 2012: VOLA & THE ORIENTAL MACHINE, UHNELLYS, the ARROWS, more",2012-06-24,Festival,Club Asia,http://www.clubasia.co.jp,"1-8 Maruyama-cho, Shibuya-ku",,Shibuya,Shibuya,3300,
2135,"KYUSHU POP FESTIVAL w/ Hyacca, Zibanchinka, Bo-Peep, ruruxu/sinn, Me I Sashimi & more",2010-06-12,Indie,Motion,http://motion-web.jp,"5F 2-45-2 Kabukicho, Shinjuku-ku",,Shinjuku,"Shinjuku, Seibu-Shinjuku",2000,2300
3474,Kodomo Music & Art Festival,2009-12-12,Festival,,,,,,,,
3422,Kodomo Music & Art Festival,2009-12-13,Festival,,,,,,,,
3063,"Koenji Pop Festival 2009 w/ Mir, Zibanchinka, tacobonds, The Mornings, Hemay, more...",2009-10-10,Post-Punk,20000 Den-atsu (二万電圧),http://www.den-atsu.com/,"L-GRAZIA B1, 1-7-23 Koenji Minami, Suginami-ku",http://den-atsu.com/?page_id=17,Higashi-Koenji,Higashi-Koenji,,
9633,"Kyushu Electric Pop Festival: Hyacca, cynicalsmileisyourfavorite, MacManaman, more",2012-06-02,Festival,Motion,http://motion-web.jp,"5F 2-45-2 Kabukicho, Shinjuku-ku",,Shinjuku,"Shinjuku, Seibu-Shinjuku",,2000 (2 day 3000)
8361,"Latin Music Festival ""ANIMATE!"": Havana D'Primera, Paula Lima, EDDY-K",2013-08-31,Latin,Zepp Divercity Tokyo,http://www.zepp.co.jp/divercity/,"Diversity Plaza, 1-1-10 Aomi, Koto-ku, Tokyo",,Daiba,,7500,
3650,"MDT FESTIVAL 2015: ROVO, Hanaregumi with U-zhaan, YOUR SONG IS GOOD",2015-06-21,Festival,Hibiya Open Air Concert Hall,http://hibiya-kokaido.com,"Hibiya-koen 1-3, Chiyoda-ku",,Hibiya,"Hibiya, Kasumigaseki, Yurakucho",,4800
1526,MUTEK FESTIVAL,2018-11-01,"Electronic,Festival",,,,,,,,
1562,MUTEK FESTIVAL,2018-11-02,"Electronic,Festival",,,,,,,,
1569,MUTEK FESTIVAL,2018-11-03,"Electronic,Festival",,,,,,,,
1600,MUTEK FESTIVAL,2018-11-04,"Electronic,Festival",,,,,,,,
3163,Magners International Comedy Festival Heat 1,2018-03-21,Comedy,Good Heavens!,https://www.facebook.com/goodheavensbar/,"Daizawa 5-32-5, Setagaya-ku",,Shimokitazawa,Shimokitazawa,1300,1500
5577,"Miya Presents ""Tokyo Improvisers Festival 2014""",2014-07-22,Improvised,Pit Inn,http://www.pit-inn.com,"Accord Bldg B1, 2-12-4 Shinjuku, Shinjuku-ku",,Shinjuku,"Shinjuku, Shinjuku Sanchome",,"3,240yen (1drink incls.)"
2746,Mo' Fun Vol.8 Summer Beat festival,2010-08-14,Hip-Hop,Heavy Sick Zero,http://www.heavysick.co.jp/zero/,"B1 & B2F 5-41-8 Nakano, Nakano-ku",http://www.heavysick.co.jp/zero/contact.html,Nakano,Nakano,"2,500yen(till 24:00)","3,000yen"
2365,Montreux Jazz Festival Japan 2016 - Day 1,2016-10-07,"Festival,DJ,Techno,Improvised,Shibuya-kei",Garden Hall,http://gardenplace.jp/hall.html,"1-13-2 Mita, Meguro-ku",,Ebisu,Ebisu,"¥9,000","¥10,000"
2376,Montreux Jazz Festival Japan 2016 - Day 2,2016-10-08,"Festival,DJ,Electro,Jazz,Latin",Garden Hall,http://gardenplace.jp/hall.html,"1-13-2 Mita, Meguro-ku",,Ebisu,Ebisu,"¥10,000","¥11,000"
8240,NAGISA MUSIC FESTIVAL,2013-06-29,Festival,,,,,,,4300,
5870,NATSU BIRAKI MUSIC FESTIVAL,2014-07-19,Festival,,,,,,,4200 / 2 days 7500,4800
5889,NATSU BIRAKI MUSIC FESTIVAL,2014-07-20,Festival,,,,,,,4200 / 2 days 7500,4800
358,NATSU BIRAKI MUSIC FESTIVAL 2011,2011-07-16,Festival,,,,,,,"1 day 3900yen, 2 days 7000yen",
8341,NATSU BIRAKI MUSIC FESTIVAL 2013,2013-07-20,Festival,,,,,,,1 day 3900 / 2 days 7000,
8350,NATSU BIRAKI MUSIC FESTIVAL 2013,2013-07-21,Festival,,,,,,,1 day 3900 / 2 days 7000,
4497,NATSUBIRAKI MUSIC FESTIVAL,2017-07-15,Festival,,,,,,,"1 day 4500, 3 days 12000",
4535,NATSUBIRAKI MUSIC FESTIVAL,2017-07-16,Festival,,,,,,,"1 day 4500, 3 days 12000",
4504,NATSUBIRAKI MUSIC FESTIVAL,2017-07-17,Festival,,,,,,,"1 day 4500, 3 days 12000",
3144,"NEST FESTIVAL w/ Joe Lally, Experimental Dental School, OneOne, worlds end girlfriend, moools, more",2009-10-18,Mixed Genre,O-East,http://www.shibuya-o.com,"2F 2-14-9 Dogenzaka, Shibuya-ku",,Shibuya,Shibuya,,
6712,"NISHI AZABU SUN FESTIVAL: Atsumi, TK, Ark of Blues, TAK, Andrew Tyrone Rodgers, more",2013-11-03,All Mix,,,,,,,FREE,FREE (with min 1 drink order)
9639,"Nagoya/Tokyo Electric Pop Festival: 6eyes, The Mornings, Sika Sika, Plasticzooms...",2012-06-03,Festival,Motion,http://motion-web.jp,"5F 2-45-2 Kabukicho, Shinjuku-ku",,Shinjuku,"Shinjuku, Seibu-Shinjuku",,2000 (2 day 3000)
2609,"Nest Festival with PE’Z, OGRE YOU ASSHOLE, group_inou, The Advantage, YOMOYA, more",2010-10-24,Festival,O-Nest,http://www.shibuya-o.com/nest,"ON AIR WEST bldg. 6F, 2-3 Maruyama-cho, Shibuya-ku",,Shibuya,Shibuya,3500,4000
813,"Nihon Rock Festival: the mornings, dostuitarunen, Omori Seiko, H∞B, Sasaguchi + more",2011-10-16,Festival,Muryoku Muzenji,http://blog.livedoor.jp/muzenji/,"3-67-1 Koenji Minami, Suginami-ku",,Koenji,Koenji,1000,1000
9800,OCEAN PEOPLES FESTIVAL @ YOYOGI PARK,2012-08-04,Festival,,,,,,,,Free
9870,OCEAN PEOPLES FESTIVAL @ YOYOGI PARK,2012-08-05,Festival,,,,,,,,Free
4213,OOO! vol.6 (16h Chaotic Cross Over Circuit Festival with about 50 artists),2017-06-03,"Alternative,DJ,Experimental,Festival,Improvised",JAM,http://jam.rinky.info,"B1F, Eifuku 3-34-14, Suginamiku, Tokyo",http://jam.rinky.info/access/,Nishieifuku,Nishieifuku,2500,3000
5823,"One day festival: à qui avec Gabriel, koh with Yabukogi, more @ GINZA Niwatazumi",2014-07-12,Festival,,,,,,,3000yen include drink&food,3000yen include drink&food
458,"PROGRESSIVE ROCK FESTIVAL 2011: KANSAS, WISHBONE ASH, PFM",2011-08-28,Festival,Hibiya Open Air Concert Hall,http://hibiya-kokaido.com,"Hibiya-koen 1-3, Chiyoda-ku",,Hibiya,"Hibiya, Kasumigaseki, Yurakucho","12,000","12,500"
2258,"Parfum Kyodo Summer Festival: The Soul Shadows Band, Mick & Guilly's Blues Band, LAGARTA",2018-07-28,"Blues,Jazz,Pop,Rock n Roll,Soul","Love, Peace and Soul Live Cafe",http://www.lovepeaceandsoul.net,"Parfum Kyodo B1-C 1-5-6 Kyodo, Setagaya-ku, Tokyo",,Kyodo,Kyodo Station (Odakyu Line),¥3000 + 1 drink,¥3000 + 1 drink
10439,"Psych Out Festival vol.1 (from outer space): TALBOT (Estonia), Bucket-T, Heavy Metal Glue, more",2011-12-03,Psychedelic,Moon Step,http://wall-moonstep.com/moon/top.html,"5-39-16 Chuo, Nakano-ku",,Nakano,"Shin-Nakano, Nakano",2000,2300
10450,"Psych Out Festival vol.1 (to inner space): TALBOT (Estonia), Dhidalah, Khola Cosmica, Sithter",2011-12-04,Psychedelic,Earthdom,http://www1.odn.ne.jp/shinjuku-dom/index.html/dom.html,"Lisbon Bldg B1F, 3-32-3 Okubo, Shinjuku-ku",,Okubo,"Okubo, Shin-Okubo",2000,2300
9305,"Psych Out Festival vol.2 - CLUB PECKINPAH: Sithter, Inside Charmer, Bucket-T, more",2012-04-14,Psychedelic,Moon Step,http://wall-moonstep.com/moon/top.html,"5-39-16 Chuo, Nakano-ku",,Nakano,"Shin-Nakano, Nakano",1500,1800
10083,"Psych Out Festival vol.3 - NEPENTHES, DORONUE, Inside Charmer, Ikumashi",2012-09-27,Psychedelic,Wall,http://wall-moonstep.com/wall/index.html,"Parl Bldg B1F, 3-15-8 Nishi-Shinjuku",http://wall-moonstep.com/wall/access.html,Shinjuku,"Shinjuku, Hatsudai, Sangubashi",1500,1800
7667,"Psych Out Festival vol.4: Dhidalah, DORONUE",2013-04-25,Psychedelic,Wall,http://wall-moonstep.com/wall/index.html,"Parl Bldg B1F, 3-15-8 Nishi-Shinjuku",http://wall-moonstep.com/wall/access.html,Shinjuku,"Shinjuku, Hatsudai, Sangubashi",1500,1800
8226,"Psych Out Festival vol.5 Makhno, Doronue, Birth Control Ⅱ",2013-08-28,Psychedelic,Wall,http://wall-moonstep.com/wall/index.html,"Parl Bldg B1F, 3-15-8 Nishi-Shinjuku",http://wall-moonstep.com/wall/access.html,Shinjuku,"Shinjuku, Hatsudai, Sangubashi",1500,1800
7513,"Psych Out Festival vol.6 - DORONUE, REDSHEER, Ikumashi, Mugen",2014-04-10,Psychedelic,Wall,http://wall-moonstep.com/wall/index.html,"Parl Bldg B1F, 3-15-8 Nishi-Shinjuku",http://wall-moonstep.com/wall/access.html,Shinjuku,"Shinjuku, Hatsudai, Sangubashi",1500,1800
4705,"Psych Out Festival vol.7 - Khola Cosmica, Makhno, Munehiro Narita (HIGH RISE)",2014-12-11,Psychedelic,Wall,http://wall-moonstep.com/wall/index.html,"Parl Bldg B1F, 3-15-8 Nishi-Shinjuku",http://wall-moonstep.com/wall/access.html,Shinjuku,"Shinjuku, Hatsudai, Sangubashi",1500,1800
3556,"Psych-Out Festival 10: Makhno, Doronue, Munehiro Narita + Mitsuru Tabata + Hikari Sakashita",2015-07-31,Psychedelic,Wall,http://wall-moonstep.com/wall/index.html,"Parl Bldg B1F, 3-15-8 Nishi-Shinjuku",http://wall-moonstep.com/wall/access.html,Shinjuku,"Shinjuku, Hatsudai, Sangubashi",1500yen,1800yen
5282,Psych-Out Festival No.9 DORONUE / Makhno / Dhidalah / the Leslie Southern Tone,2015-05-04,Psychedelic,Wall,http://wall-moonstep.com/wall/index.html,"Parl Bldg B1F, 3-15-8 Nishi-Shinjuku",http://wall-moonstep.com/wall/access.html,Shinjuku,"Shinjuku, Hatsudai, Sangubashi",1500yen,1800yen
3730,"Psych-Out Festival no.11: Makhno, Sithter, King Goblin, The Leslie Southern Tone",2015-09-06,Psychedelic,Wall,http://wall-moonstep.com/wall/index.html,"Parl Bldg B1F, 3-15-8 Nishi-Shinjuku",http://wall-moonstep.com/wall/access.html,Shinjuku,"Shinjuku, Hatsudai, Sangubashi",1500yen,1800yen
4437,"Psych-Out Festival no.12 part.2: Odota (from Estonia), Dhidalah, Khola Cosmica",2015-12-04,Psychedelic,Wall,http://wall-moonstep.com/wall/index.html,"Parl Bldg B1F, 3-15-8 Nishi-Shinjuku",http://wall-moonstep.com/wall/access.html,Shinjuku,"Shinjuku, Hatsudai, Sangubashi",1500yen,1800yen
4982,"Psych-Out Festival vol.8 - Khola Cosmica, NEPENTHES, Makhno",2015-02-20,Hard Rock,Wall,http://wall-moonstep.com/wall/index.html,"Parl Bldg B1F, 3-15-8 Nishi-Shinjuku",http://wall-moonstep.com/wall/access.html,Shinjuku,"Shinjuku, Hatsudai, Sangubashi",1500,1800
8459,"QUIET OCTOBER 12K Festival: Simon Scott, Christopher Willits, moskitoo, illuha",2012-10-10,Ambient,Super Deluxe,http://www.super-deluxe.com,"B1F 3-1-25 Nishi Azabu, Minato-ku",https://www.super-deluxe.com/map/,Roppongi,Roppongi,3000,3500
8463,"QUIET OCTOBER 12K Festival: Taylor Deupree, Marcus Fischer, minamo, sawako",2012-10-11,Ambient,Super Deluxe,http://www.super-deluxe.com,"B1F 3-1-25 Nishi Azabu, Minato-ku",https://www.super-deluxe.com/map/,Roppongi,Roppongi,3000,3500
3160,RECORD STORE DAY JAPAN 2016 FESTIVAL,2016-04-16,All Mix,Milkyway,http://www.shibuyamilkyway.com,"Udagawacho 4-7, Shibuya-ku",,Shibuya,Shibuya,"￥2,000 (+1D ORDER) ","￥2,500 (+1D ORDER) "
800,"RED BULL MUSIC FESTIVAL TOKYO & 88RISING PRESENT JAPAN RISING: AUGUST 08, AWICH, CIRRRCLE, more",2019-04-10,Hip-Hop,WWW X,http://www-shibuya.jp/wwwx/,"2F Rise Bldg, 13-17 Udagawacho, Shibuya-ku",,Shibuya,Shibuya,2000,2500
816,RED BULL MUSIC FESTIVAL TOKYO X FANCYHIM SHIBUYA TAKEOVER,2019-04-12,"Electro,House,Party,Techno",Contact,http://www.contacttokyo.com/,"B2F 2-10-12 DOGENZAKA, SHIBUYA-KU",http://www.contacttokyo.com/access/,Shibuya,Shibuya,2500,3500
3112,"RIS FESTIVAL w/ SPECTRUM a.k.a SONIC BOOM, Harp On Mouth Sextet, DJ KENSEI, many more",2009-10-03,Mixed Genre,Unit,http://www.unit-tokyo.com,"Za House Buil. 1-34-17 Ebisu-nishi, Shibuya-ku",,Daikanyama,"Daikanyama, Nakameguro, Ebisu",,
9793,ROCK IN JAPAN FESTIVAL,2012-08-03,Festival,,,,,,,,
9799,ROCK IN JAPAN FESTIVAL,2012-08-04,Festival,,,,,,,,
9869,ROCK IN JAPAN FESTIVAL,2012-08-05,Festival,,,,,,,,
5615,ROCK IN JAPAN FESTIVAL,2014-08-02,Festival,,,,,,,From 12000,
5916,ROCK IN JAPAN FESTIVAL,2014-08-03,Festival,,,,,,,From 12000,
5941,ROCK IN JAPAN FESTIVAL,2014-08-09,Festival,,,,,,,From 12000,
5950,ROCK IN JAPAN FESTIVAL,2014-08-10,Festival,,,,,,,From 12000,
4680,ROCK IN JAPAN FESTIVAL,2017-08-05,Festival,,,,,,,"1 day 13000, 2 days 24500, 4 days 42000",
4688,ROCK IN JAPAN FESTIVAL,2017-08-06,Festival,,,,,,,"1 day 13000, 2 days 24500, 4 days 42000",
4808,ROCK IN JAPAN FESTIVAL,2017-08-11,Festival,,,,,,,"1 day 13000, 2 days 24500, 4 days 42000",
4818,ROCK IN JAPAN FESTIVAL,2017-08-12,Festival,,,,,,,"1 day 13000, 2 days 24500, 4 days 42000",
444,ROCK IN JAPAN FESTIVAL 2011,2011-08-05,Festival,,,,,,,"1 day 11,500, 2 days 22,00, 3 days 30,000",
446,ROCK IN JAPAN FESTIVAL 2011,2011-08-06,Festival,,,,,,,"1 day 11,500, 2 days 22,00, 3 days 30,000",
547,ROCK IN JAPAN FESTIVAL 2011,2011-08-07,Festival,,,,,,,"1 day 11,500, 2 days 22,00, 3 days 30,000",
8181,ROCK IN JAPAN FESTIVAL 2013,2013-08-02,Festival,,,,,,,,
8209,ROCK IN JAPAN FESTIVAL 2013,2013-08-03,Festival,,,,,,,,
8256,ROCK IN JAPAN FESTIVAL 2013,2013-08-04,Festival,,,,,,,,
2287,"ROVO presents MDT FESTIVAL 2010 w/kicell, envy",2010-05-16,Psychedelic,Hibiya Open Air Concert Hall,http://hibiya-kokaido.com,"Hibiya-koen 1-3, Chiyoda-ku",,Hibiya,"Hibiya, Kasumigaseki, Yurakucho",,
4575,SASAKURE FESTIVAL,2017-07-08,Festival,Womb,http://www.womb.co.jp,"Studio Arias, 2-16 Maruyama-cho, Shibuya",,Shibuya,Shibuya,3800 (students 2800),4300
4633,SENSE OF WONDER FESTIVAL,2008-09-13,Festival,,,,,,,,
6275,SHOEGAZER FESTIVAL 2014,2014-09-27,Festival,Club Seata,http://seata.jp,"Kichijoji Honcho 1-20-3, Musashino",,Kichijoji,Kichijoji,3500,4000
10165,"SHOEGAZER MEETING FESTIVAL: Float down the Liffey, cigarette in your bed, 7eyes40days, Pygmalion",2011-11-02,Shoegaze,Aube,http://aube-shibuya.com/access.html,"Tosen Udagawacho Bldg 5F, Udagawacho, Shibuya-ku",http://1091m.com/?page_id=55,Shibuya,Shibuya,2000,2500
10116,"SHOEGAZER MEETING FESTIVAL: civic, nemlino, shelling, prantron, the soon",2011-11-03,Shoegaze,Aube,http://aube-shibuya.com/access.html,"Tosen Udagawacho Bldg 5F, Udagawacho, Shibuya-ku",http://1091m.com/?page_id=55,Shibuya,Shibuya,2000,2500
2057,SUMIDA STREET JAZZ FESTIVAL,2016-08-13,"Festival,Jazz",,,,,,,,Free
2063,SUMIDA STREET JAZZ FESTIVAL,2016-08-14,"Jazz,Festival",,,,,,,,Free
4763,SUMIDA STREET JAZZ FESTIVAL,2017-08-18,"Festival,Jazz",,,,,,,,Free
4777,SUMIDA STREET JAZZ FESTIVAL,2017-08-19,"Festival,Jazz",,,,,,,,Free
4789,SUMIDA STREET JAZZ FESTIVAL,2017-08-20,"Festival,Jazz",,,,,,,,free
3222,SYNCHRONICITY FESTIVAL,2018-04-07,Festival,,,,,,,5800,
759,SYNCHRONICITY FESTIVAL,2019-04-06,Festival,,,,,,,"1 day 5800, 2 days 11000",
776,SYNCHRONICITY FESTIVAL,2019-04-07,Festival,,,,,,,"1 day 5800, 2 days 11000",
8346,"Shibuya Home Festival: The Missing Leech, Girl President, Hello Hawk, Teen Runnings..",2013-07-20,Indie,Home,http://www.toos.co.jp/home,"Gloria Miyamasuzaka III B1F, 1-10-7 Shibuya",,Shibuya,,2000,2500
2222,"Spectrum Music Festival: Blue Straight, Audible Bond, Fathoms, Kikimimi, Kate Beck, OOB, Jayda B",2016-09-25,"Alternative,DJ,Festival,Mixed Genre,Abstract",Waver,http://waverwaver.net/,東京都世田谷区北沢2-14-13-B1F,,Shimokitazawa,,2000 ¥ (includes 1 drink),2000¥ (includes 1 drink)
6681,"Sukoshifushigi Festival 2013: Glensmith × Kozaburo Sakamoto, Takako Minekawa & Dustin Wong, more",2013-11-17,Festival,Super Deluxe,http://www.super-deluxe.com,"B1F 3-1-25 Nishi Azabu, Minato-ku",https://www.super-deluxe.com/map/,Roppongi,Roppongi,3300,3800
6672,"Sukoshifushigi Festival 2013: Ichiko Aoba & KOHEY_KAWAMURA × mi'ndy, tanqun, more",2013-11-16,Festival,Super Deluxe,http://www.super-deluxe.com,"B1F 3-1-25 Nishi Azabu, Minato-ku",https://www.super-deluxe.com/map/,Roppongi,Roppongi,3300,3800
4198,TAICO CLUB FESTIVAL,2009-06-06,Festival,,,,,,,,
4206,TAICO CLUB FESTIVAL,2009-06-07,Festival,,,,,,,,
4176,THE GREENROOM FESTIVAL,2009-05-30,Festival,,,,,,,,
4183,THE GREENROOM FESTIVAL,2009-05-31,Festival,,,,,,,,
9448,"THE HAÇIENDA OISO FESTIVAL: PETER HOOK & THE LIGHT PERFORMING JOY DIVISION, THE CHARLATANS, more",2012-04-28,Festival,,,,,,,,
9457,"THE HAÇIENDA OISO FESTIVAL: PETER HOOK & THE LIGHT PERFORMING JOY DIVISION, THE CHARLATANS, more",2012-04-29,Festival,,,,,,,,
2962,"TOKYO CROSSOVER JAZZ FESTIVAL w/ Shuya Okino, Soil & Pimp Sessions, quasimode, more",2009-09-11,Mixed Genre,AgeHa,http://www.ageha.com,"2-2-10 Shin-Kiba, Koto-ku",http://www.ageha.com/access/,Shin-Kiba,Shinkiba,,
3411,"TOKYO FESTIVAL OF MODULAR DAY 1: Richard Devine, George Chua, Hiroshi Hasegawa (ASTRO), Hataken,more",2016-06-11,"Abstract,Electronic,Experimental,Techno",,,,,,,3000yen,3000yen
3426,"TOKYO FESTIVAL OF MODULAR DAY 2: Eat Static, Isei Ben, Takane Eabl, Jim O'Rourke & Hitomi, more",2016-06-12,"Abstract,Electronic,Experimental,Noise,Techno",,,,,,,3000yen,3000yen
1208,TOKYO FESTIVAL OF MODULAR: CAFE DELUXE,2016-12-18,"Ambient,Electronic,Experimental,Noise",Super Deluxe,http://www.super-deluxe.com,"B1F 3-1-25 Nishi Azabu, Minato-ku",https://www.super-deluxe.com/map/,Roppongi,Roppongi,2000 + 1 drink,3000 + 1 drink
8058,TOKYO FESTIVAL of MODULAR 2013,2013-06-30,Experimental,Super Deluxe,http://www.super-deluxe.com,"B1F 3-1-25 Nishi Azabu, Minato-ku",https://www.super-deluxe.com/map/,Roppongi,Roppongi,2000,3000
5347,"TOKYO FESTIVAL of MODULAR: CeVIN KEY + DJOTO KOICHI SHIMIZU, HATAKEN, UTEROZZZAAA, more",2015-05-17,Experimental,Super Deluxe,http://www.super-deluxe.com,"B1F 3-1-25 Nishi Azabu, Minato-ku",https://www.super-deluxe.com/map/,Roppongi,Roppongi,,
5351,"TOKYO FESTIVAL of MODULAR: RUSSELL HASWELL, JIM O'ROURKE, GALCID, SYNTH MAKERS BOOTHS",2015-05-16,Experimental,Super Deluxe,http://www.super-deluxe.com,"B1F 3-1-25 Nishi Azabu, Minato-ku",https://www.super-deluxe.com/map/,Roppongi,Roppongi,,
4884,TOKYO JAZZ FESTIVAL,2017-09-01,"Festival,Jazz",NHK Hall,http://www.nhk-sc.or.jp/nhk_hall,"2-2-1, Jinnan, Shibuya",http://www.nhk-sc.or.jp/nhk_hall/access.html,Shibuya,"Harajuku, Yoyogi-koen, Shibuya",,
4891,TOKYO JAZZ FESTIVAL,2017-09-02,"Festival,Jazz",NHK Hall,http://www.nhk-sc.or.jp/nhk_hall,"2-2-1, Jinnan, Shibuya",http://www.nhk-sc.or.jp/nhk_hall/access.html,Shibuya,"Harajuku, Yoyogi-koen, Shibuya",,
4904,TOKYO JAZZ FESTIVAL,2017-09-03,"Festival,Jazz",NHK Hall,http://www.nhk-sc.or.jp/nhk_hall,"2-2-1, Jinnan, Shibuya",http://www.nhk-sc.or.jp/nhk_hall/access.html,Shibuya,"Harajuku, Yoyogi-koen, Shibuya",,
9906,TOKYO JAZZ FESTIVAL 2012: JAGA JAZZIST @ Tokyo International Forum Plaza,2012-09-08,Jazz,,,,,,,,Free
8254,TONOFON FESTIVAL,2013-06-30,Festival,,,,,,,4500,
5498,TONOFON FESTIVAL,2015-06-07,Festival,,,,,,,4500,
4398,TONOFON FESTIVAL,2017-06-25,Festival,,,,,,,4500,
150,"TONOFON FESTIVAL: Shugo Tokumaru, SAKEROCK, PASCALS, Seiichi Yamamoto & PHEW, Ohshu @ Tokorozawa",2011-06-12,Festival,,,,,,,3800yen,
9608,Teachers For Tohoku Charity Music Festival,2012-05-27,Festival,What the Dickens,http://www.whatthedickens.jp,"Roob6 Bldg 4F, 1-13-3 Ebisu-Nishi",,Ebisu,Ebisu,Free,Free
6901,Test Tone 100 Final Festival: Ave Atque Vale! (Day One),2014-01-10,Festival,Super Deluxe,http://www.super-deluxe.com,"B1F 3-1-25 Nishi Azabu, Minato-ku",https://www.super-deluxe.com/map/,Roppongi,Roppongi,FREE!,FREE!
7012,Test Tone 100 Final Festival: Ave Atque Vale! (Day Three),2014-01-12,Festival,Super Deluxe,http://www.super-deluxe.com,"B1F 3-1-25 Nishi Azabu, Minato-ku",https://www.super-deluxe.com/map/,Roppongi,Roppongi,FREE!,FREE!
7004,Test Tone 100 Final Festival: Ave Atque Vale! (Day Two),2014-01-11,Festival,Super Deluxe,http://www.super-deluxe.com,"B1F 3-1-25 Nishi Azabu, Minato-ku",https://www.super-deluxe.com/map/,Roppongi,Roppongi,FREE!,FREE!
5586,"This&That Café Vol.21 Indoor Summer Festival: HINOMARI, Omodaka, JACOBS, +null, more",2014-07-25,Mixed Genre,Super Deluxe,http://www.super-deluxe.com,"B1F 3-1-25 Nishi Azabu, Minato-ku",https://www.super-deluxe.com/map/,Roppongi,Roppongi,,Free
2409,Tokyo Electronic Music Festival @ Harumi Seaside Terminal,2010-07-17,Festival,,,,,,,"5,800円","7,000円"
1433,Tokyo Festival of Modular,2018-11-17,"Electronic,Synth-pop,Festival",Contact,http://www.contacttokyo.com/,"B2F 2-10-12 DOGENZAKA, SHIBUYA-KU",http://www.contacttokyo.com/access/,Shibuya,Shibuya,5000 (2 days),
1496,Tokyo Festival of Modular,2018-11-18,"Electronic,Festival,Synth-pop",Contact,http://www.contacttokyo.com/,"B2F 2-10-12 DOGENZAKA, SHIBUYA-KU",http://www.contacttokyo.com/access/,Shibuya,Shibuya,5000 (2 days),
3846,"Tokyo Festival of Modular Day 1: Sarah Davachi, Baseck, Hataken ft. SUGIZO, Taylor Deupree, more",2017-11-18,"Ambient,Electronic,Experimental,Festival,Synth-pop",Contact,http://www.contacttokyo.com/,"B2F 2-10-12 DOGENZAKA, SHIBUYA-KU",http://www.contacttokyo.com/access/,Shibuya,Shibuya,,3000yen
3896,"Tokyo Festival of Modular Day 2: Phew, Akiko Kiyama, Galcid, Numb, Bana Haffar, KURO, more",2017-11-19,"Ambient,Avant garde,Electronic,Experimental,Festival",Contact,http://www.contacttokyo.com/,"B2F 2-10-12 DOGENZAKA, SHIBUYA-KU",http://www.contacttokyo.com/access/,Shibuya,Shibuya,,3000yen
1727,Tokyo Festival of Modular: Cafe Deluxe 3,2018-05-20,"Electronic,Experimental,Noise,Synth-pop,Techno",Super Deluxe,http://www.super-deluxe.com,"B1F 3-1-25 Nishi Azabu, Minato-ku",https://www.super-deluxe.com/map/,Roppongi,Roppongi,2000 + 1d,2500 + 1d
757,"Tokyo Festival of Modular: SUGIZO x Hataken, Darren Moore, Eicheph, Isei Ben, Kaz_X, more",2017-05-21,"Electronic,Experimental,Improvised,Instrumental,Unclassifiable",Super Deluxe,http://www.super-deluxe.com,"B1F 3-1-25 Nishi Azabu, Minato-ku",https://www.super-deluxe.com/map/,Roppongi,Roppongi,2000 +1d,3000 +1d
2153,VINYL HOUSE presents ハルタ祭り Halta & Haruta Festival,2018-07-14,All Mix,SUBstore Koenji,http://substore.jimdo.com/,"3-1-12 Koenji Kita, Suginami-ku, Tokyo",https://www.google.co.jp/maps/place/S・U・B+STORE+TOKYO/,Koenji,Koenji,¥1000 + (1 drink ¥500),¥1000 + (1 drink ¥500)
4640,WEEZER FESTIVAL,2008-09-15,Pop,,,,,,,,
9856,XLAND FESTIVAL 2012 @ LAKE SAGAMI PLEASURE FOREST,2012-09-01,Festival,,,,,,,,
3448,YATSUI FESTIVAL,2016-06-18,Festival,,,,,,,"1 day 6800, 2 days 12500",
1770,YATSUI FESTIVAL,2016-06-19,Festival,,,,,,,"1 day 6800, 2 days 12500",
4317,YATSUI FESTIVAL,2017-06-17,Festival,,,,,,,1 day 6800 / 2 days 12500,
4332,YATSUI FESTIVAL,2017-06-18,Festival,,,,,,,1 day 6800 / 2 days 12500,
5836,YATSUI FESTIVAL 2014,2014-06-21,Festival,,,,,,,,
3627,YATSUI FESTIVAL 2015,2015-06-20,Festival,,,,,,,,
3648,YATSUI FESTIVAL 2015,2015-06-21,Festival,,,,,,,,
8053,YATSUI FESTIVAL @ Shibuya,2013-06-22,Festival,,,,,,,6500,
7,YOUNG TOKYO FESTIVAL,2019-03-02,"Festival,Hip-Hop,R n B",Studio Coast,http://www.studio-coast.com,"2-2-10 Shin-Kiba, Koto-ku",,Shin-Kiba,,,
1798,ageHa Mobile Party @ KITSUNE FRIDAYS (MEAT FESTIVAL EDITION),2016-06-24,House,Kitsune,http://www.kitsune-web.jp,"Chatelet Shibuya B1F, 2-20-13 Higashi, Shibuya-ku",,Shibuya,Shibuya or Ebisu,¥1500 (see page for details),¥2000
6326,"car and freezer festival 2014: Eiko Ishibashi and The Already Dead, S Yamamoto, more",2014-11-01,Experimental,Super Deluxe,http://www.super-deluxe.com,"B1F 3-1-25 Nishi Azabu, Minato-ku",https://www.super-deluxe.com/map/,Roppongi,Roppongi,3000,
8347,esorabako music festival vol.3: keiko higuchi + shin-ichiro kanda duo,2013-07-20,All Mix,,,,,,,2500 + drink,2500 + drink
264,festival GIGA DISCO vol. 2,2019-01-27,"Experimental,Festival,Mixed Genre,Unclassifiable",Goodman,http://www.clubgoodman.com,"A.S Building B1F, 55, Kanda-Sakumagashi, Chiyodaku",http://www.clubgoodman.com/access.html,Akihabara,Akihabara,3500,3800
3528,one month festival: 0.03 + dong-hee lee,2015-07-24,Experimental,Bar Isshee,http://www.bloc.jp/barisshee/,"3-36-11-B1, Sendagi, Bunkyo-ku",,Sendagi,Sendagi,,donation + bar charge (500 yen) + drink
